Nella,Cunningham
Ernest,Cook
Hawwa,Ryder
Keira,Mcphee
Inaayah,Caldwell
Herbie,Turner
Vincent,Gould
Jimmie,Higgs
Gerald,Wilkinson
Malcolm,Cooley
Octavia,Rojas
Corey,Woodcock
Avani,Guevara
Eman,Corona
Steve,Knights
Adeline,Woodley
Jodi,Rodgers
Annabel,Beck
Kamil,Drake
Vihaan,Townsend
Daniel,Keeling
Mahir,Espinoza
Josh,Mendoza
Rudra,Douglas
Pooja,Pierce
Aleesha,Morse
Courteney,O'Doherty
Frida,Hardy
Suhayb,Burn
Dorian,Wall
Manahil,Begum
Mabel,Garrison
Caitlyn,Rossi
Dominika,Galloway
Jordanna,Esparza
Sade,Hernandez
Mylah,Nolan
Sommer,Grant
Shaun,Guerrero
Hunter,Evans
Reid,Nixon
Jesse,Conley
Owain,Webber
Zakary,Cantu
Kasim,Hurley
Zaine,May
Louise,Perez
Dora,Head
Zavier,Childs
Orlaith,Needham
Rafferty,Terry
Ismael,Boone
Marianna,Mahoney
Jimmy,Firth
Nadeem,Kaur
Hibba,Buckley
Yu,Mercado
Rami,Figueroa
Buster,Duarte
Ameen,Arellano
Eshaal,Field
Elina,Person
Luc,Matthams
Jadine,Sinclair
Samanta,Hammond
Arian,Whitfield
Lucille,Miranda
Harry,Sawyer
Saeed,Aldred
Dale,Merrill
Nabila,Broughton
Zakaria,Sanders
Wasim,Puckett
Veronika,Rivers
Princess,Thompson
Hamish,Hinton
Ellie-Mae,Cruz
Amira,Parra
Bjorn,Oconnor
Fabio,Rivera
Izabela,Gross
Ebrahim,Nunez
Fynn,Rasmussen
Cory,Ireland
Aliyah,Kim
Kyal,Mackie
Sabrina,Wagner
Maegan,Appleton
Ashanti,Dalton
Zuzanna,Bean
Malachi,Mckinney
Berat,Lutz
Brayden,Hogan
Blair,Bouvet
Aminah,Donaldson
Ariella,Barnard
Matei,Weir
Hebe,Charles
Piotr,Gomez
Nicolas,Huber