Umair,Callahan
Eduard,Tucker
Kwame,Wheeler
Nala,Blair
Georgiana,Ratcliffe
Jayne,Schmitt
Evie-Grace,Spears
Danni,Kerr
Jordan,Sanders
Safiyyah,Bradshaw
Avleen,Terrell
Saqlain,Matthams
Maaria,Irving
Kimora,Douglas
Josef,Mcfadden
Juno,Molloy
Yvette,John
Kelis,Gibson
Bradley,Ratliff
Darin,North
Sufyan,O'Connor
Ian,Reyes
Jordon,Dupont
Julia,Curtis
Beulah,Green
Muna,Rosa
Raheel,Schwartz
Minahil,Dodd
Cole,Blundell
Marianne,Kirkpatrick
Wilma,Arnold
Reya,Salazar
Naveed,Villa
Bronwyn,Hanna
Chandler,Coles
Trey,Wilkinson
Gilbert,Gregory
Kwabena,Allan
Maisie,Tang
Avani,Odonnell
Juliette,Padilla
Cian,Hyde
Codey,Mcclain
Carla,Barry
Emily-Jane,Lane
Haleemah,Grainger
Alyssia,Chaney
Hayden,Kearney
Alberto,Everett
Dustin,Fleming
Asif,Hutton
Maha,Paul
Una,Valentine
Arya,Lester
Danial,Portillo
Blythe,Santos
Aarav,Mcclure
Mahnoor,Andrews
Abid,Burnett
Linzi,Lowe
Emelia,Ibarra
Jayda,Adams
Aadil,Huang
Milana,O'Brien
Joey,Povey
Samiyah,Howell
Eira,Whitley
Agnes,Brook
Marc,Pearson
Inigo,Cummings
Jeanne,Dickens
Allen,Livingston
Bibi,O'Quinn
Raihan,Dunne
Evan,Velez
Bobbi,Gallegos
Kadeem,Rubio
Saxon,Barajas
Samah,Harrington
Reid,Knox
Sharon,Swan
Fahim,Mcnally
Maxim,Lee
Mylie,Mcneill
Inaaya,George
Bhavik,Snider
Micheal,Potter
Jonathan,Carty
Teegan,Washington
Agata,Humphrey
Jago,Esquivel
Anisha,Rice
Boris,Rudd
Oskar,Phillips
Tobey,Benton
Rodney,Gough
Hanifa,Mcarthur
Ocean,King
Alton,Buck
Fern,Atherton