Ria,Douglas
Manraj,Sparrow
Alfie-Jay,Golden
Melvin,Atherton
Bilaal,Long
Mabel,Brook
Gloria,Powell
Roma,Short
Anja,Battle
Dolcie,Correa
Brax,Vickers
Bryan,Colon
Iwan,Fisher
Sammy,Roach
Madeline,Power
Heidi,Acosta
Dolores,Mclaughlin
Priyanka,Paul
Derry,Wormald
Nikki,Major
Ellise,Parkinson
Aine,Fowler
Jaspal,Webb
Yasin,Matthews
Alysha,Welsh
Magnus,Dunne
Ayub,Lyon
Clarice,Hayes
Caitlyn,Christian
Lilah,Hamilton
Fahad,Schmidt
Poppie,Gibbons
Tyson,Velasquez
Siya,Kay
Kayleigh,Vega
Zaydan,Suarez
Bret,Findlay
Mysha,Berg
Hafsa,Parker
Sahara,Quinn
Jess,Beaumont
Cecil,Tillman
Maxim,Singh
Max,Hernandez
Margaux,Nguyen
Chardonnay,Serrano
Rhydian,Andersen
Tye,Merritt
Jia,Wicks
Bear,Murray
Jareth,Halliday
Sachin,Salinas
Ailish,Gibson
Jaxx,Salazar
Dalton,Haines
Wilma,Williams
Vera,Wiggins
Reagan,Mcmanus
Affan,Rigby
Celine,Wainwright
Jordana,Lester
Nikhil,Bannister
Shanae,Mair
Jordanne,Cullen
Keely,Brooks
Matas,Mclean
Enzo,Pickett
Ayyub,Everett
Clara,Bouvet
Harlen,Villanueva
Shelly,Bush
Yazmin,Bateman
Keegan,Blair
Ayah,Dejesus
Preston,Whittaker
Cade,Hines
Troy,Wills
Leonard,Wilkinson
Md,Buckley
Faraz,Dorsey
Divine,Day
Karim,Acevedo
Cohan,Patton
Harlee,Herrera
Keyan,Irving
Tia,Philip
Mia,Gordon
Eamonn,Rogers
Tanisha,Macias
Calum,Raymond
Enid,Grainger
Evalyn,Gilmore
Ella-Mae,Bowler
Enrico,Byrne
Malachi,Andrew
Mariah,Rosales
Sia,Mccoy
Tiah,Ford
Bushra,Watkins
Nyla,Melendez