Annie,Shields
Usama,Mccabe
Daphne,Davenport
Micah,Marquez
Subhaan,Woods
Chantel,Garrison
Lemar,Ellwood
Yanis,Costa
Tyreese,Randall
Mila,Sampson
Richard,Mckenna
Bogdan,Benson
Izaan,Gilbert
Nicole,Rodriguez
Kristy,Allison
Aria,Pittman
Kabir,Hassan
Taslima,Muir
Cherish,Kumar
Hannah,Odonnell
Nancy,Lewis
Aimee,Callahan
Kathleen,Nicholson
Hilda,Butt
Jimmie,Whitfield
Nel,Piper
Chase,Knowles
Elinor,Holder
Elise,Stewart
John-Paul,Downs
Kendrick,Eastwood
Abiha,Robson
Samira,Colon
Rebecca,Mclellan
Neil,Lester
Pearl,White
Betsy,Mosley
Ikrah,Shaffer
Lorenzo,Odom
Anita,Horne
Maximilian,Moyer
Jibril,Roy
Dainton,Reyna
Diego,Wade
Aayat,Vance
Yusra,Holmes
Kaelan,Greer
Rida,Waters
Sienna-Rose,Simon
Roberto,Mcpherson
Athena,Quintana
Arda,Gibbons
Brett,Jacobs
Macauley,Benton
Carlie,Milner
Jokubas,Porter
Gloria,Leonard
Kimora,Macfarlane
Dominykas,Morris
Farhaan,Coles
Martyna,Ireland
Kadie,Dean
Adil,Clayton
Sahar,Adams
Stefania,Roman
Arnie,Mcghee
Dorian,Potter
Fatma,Hebert
Harley,Ho
Robin,Cisneros
Helena,Brady
Kallum,Kirkland
Ace,Fox
Xena,Mcdaniel
Fleur,May
Rhiana,Valdez
Gabriella,Melendez
Emelie,Hunter
Elyse,Wilkinson
Marvin,Bryant
Mihai,Brookes
Jaxx,Lucero
Rohan,Kane
Jeff,Sweet
Jamila,Stott
Fabien,Watkins
Maddison,Hogg
Jamie-Lee,Boyce
Roseanne,Bassett
Yunus,Britton
Lewys,Macleod
Jagoda,Bonilla
Rhiannon,Black
Barnaby,Horton
Moesha,Campbell
Montana,Power
Tiago,Vo
Tamia,Herman
Jordan-Lee,Bradford
Elysha,Fountain