Oliwier,Pierce
Annabell,Joyner
Mahima,Greaves
Joshua,Ingram
Shanai,Mcmahon
Tilly,Grey
Siobhan,Redmond
Shivani,Yates
Camilla,Buxton
Tyreese,Bain
Callie,Michael
Brennan,Graham
Jozef,Arellano
Mustafa,Shannon
Aila,Sumner
Princess,Fleming
Rhyley,Vega
Ayoub,Kavanagh
Charlie,Stephenson
Drew,Hampton
Ernie,Smith
Reegan,Hudson
Eren,Alford
Catrina,Conley
Elli,Cline
Zayn,Prentice
Isra,Betts
Fiona,Underwood
Robyn,Redman
Layton,Mccormack
Sonia,Pittman
Grayson,Lucero
Ari,Adamson
Alma,Dunne
Jasmine,Neale
Holly,Marsden
Paolo,Davenport
Ursula,Talley
Kendra,Nairn
Jules,Osborne
Arnas,Collins
Junayd,Wolfe
Braden,Davis
Patrick,Huffman
Dane,Bowen
Ruby-Mae,Avalos
Javier,Frey
Jannah,Daniels
Uwais,Jeffery
Damien,Robles
Juanita,Cortez
Torin,Ramsay
Sameeha,Marriott
Chay,Harrington
Darsh,Tyler
Terrence,Acosta
Nadeem,Salinas
Tom,Trejo
Abdur-Rahman,Wang
Paloma,Foley
Leilani,Fenton
Paris,Curtis
Corey,Butt
Rares,Hester
Elwood,Coleman
Yousif,Howard
Trystan,Klein
Jordan,Travers
Areeb,Bonner
Izzie,Andersen
Krystian,Hurst
Jon-Paul,Whitehead
Tracey,Mclaughlin
Leonardo,Cox
Elaina,Miles
Milena,Mair
Greyson,Cannon
Anum,Oneil
Raihan,Munro
Jonty,Knowles
Oisin,Holcomb
Abby,Washington
Yunus,English
Ottilie,Sherman
Shivam,Sierra
Elaine,Reeve
Ivan,Holding
Amal,Bentley
Daniela,Montgomery
Jamelia,Barr
Joao,Tierney
Kiefer,Roberson
Melody,Merrill
Kurtis,Morales
Mari,Golden
Emilie,Browne
Lilly-Mae,Lara
Whitney,Medina
Anaiya,Britton
Caden,Archer